"id","code","market_cap"
1,"BHP","241285033082.00"
2,"CBA","176835863471.00"
3,"CSL","148569732388.00"
4,"NAB","93046541695.00"
5,"WBC","78848959291.00"
6,"ANZ","77416190183.00"
7,"MQG","73755223733.00"
8,"WDS","72893003709.00"
9,"FMG","70169610481.00"
10,"WES","60895393437.00"
11,"TLS","50492847533.00"
12,"WOW","48577464032.00"
13,"RIO","46357480804.00"
14,"TCL","46177404777.00"
15,"GMG","44042032226.00"
16,"WTC","28871525505.00"
17,"ALL","27078371332.00"
18,"NCM","26791152731.00"
19,"STO","25787317310.00"
20,"COL","24653172056.00"
21,"QBE","23768917921.00"
22,"REA","21546996921.00"
23,"BXB","21006883714.00"
24,"S32","20704354287.00"
25,"JHX","20452480911.00"
26,"XRO","18732479016.00"
27,"SUN","18086225358.00"
28,"COH","17681299992.00"
29,"SHL","17042757443.00"
30,"MIN","16783856753.00"
31,"NST","16559214624.00"
32,"PLS","15920939834.00"
33,"CPU","15787522136.00"
34,"SCG","15778750151.00"
35,"RHC","15654728732.00"
36,"ORG","15263544365.00"
37,"IAG","14887327843.00"
38,"FPH","14849581984.00"
39,"RMD","14825693506.00"
40,"ASX","13632971308.00"
41,"REH","13023041089.00"
42,"VAS","12933687396.00"
43,"SOL","12929868853.00"
44,"APA","12353488589.00"
45,"EDV","12339852317.00"
46,"QAN","12300116291.00"
47,"AIA","12266350971.00"
48,"IGO","12207157146.00"
49,"TLC","11841105460.00"
50,"SVW","11325301660.00"
51,"CAR","11179785057.00"
52,"AMC","10965022908.00"
53,"SGP","10790015912.00"
54,"TPG","10505280430.00"
55,"AKE","10483098934.00"
56,"TWE","10178059282.00"
57,"MPL","9941951696.00"
58,"ALX","9836652533.00"
59,"BSL","9808336884.00"
60,"PMGOLD","9754310000.00"
61,"VCX","9559778252.00"
62,"MGR","9509523123.00"
63,"OZL","9508907595.00"
64,"AFI","9364632043.00"
65,"SPK","9210019376.00"
66,"WOR","9141830166.00"
67,"SEK","9122799066.00"
68,"GPT","8964902372.00"
69,"DXS","8894924584.00"
70,"YAL","8754513467.00"
71,"PME","8710525716.00"
72,"MCY","8542644141.00"
73,"EBO","8345786593.00"
74,"AGL","8254608549.00"
75,"ALD","8202358248.00"
76,"MGOC","7961749016.00"
77,"IFT","7936230476.00"
78,"IEL","7862997961.00"
79,"ORI","7584142375.00"
80,"EVN","7266664623.00"
81,"AZJ","7252373689.00"
82,"LYC","7153026554.00"
83,"LTR","6931513449.00"
84,"ARG","6836029872.00"
85,"NXT","6767603263.00"
86,"IPL","6739520851.00"
87,"WHC","6562680948.00"
88,"MEZ","6550081344.00"
89,"VGS","6467969033.00"
90,"ALQ","6347438337.00"
91,"SDF","6262528227.00"
92,"CWY","6211218277.00"
93,"IVV","6186921975.00"
94,"ALU","6076830090.00"
95,"CHC","6035444259.00"
96,"LLC","5914383318.00"
97,"QUB","5562151951.00"
98,"BLD","5471318558.00"
99,"TNE","5439753512.00"
100,"NHC","5367880196.00"
101,"BEN","5328711315.00"
102,"JBH","5161657243.00"
103,"ILU","5086592904.00"
104,"HVN","5083707148.00"
105,"FLT","5061536069.00"
106,"CGF","5047316449.00"
107,"VEA","4989839882.00"
108,"A2M","4959915846.00"
109,"GQG","4901657020.00"
110,"STW","4857527416.00"
111,"DMP","4776016987.00"
112,"AWC","4657198674.00"
113,"BOQ","4528245969.00"
114,"IOZ","4477225412.00"
115,"PMV","4418483732.00"
116,"BKW","4226312733.00"
117,"NHF","4201051062.00"
118,"QUAL","4107503778.00"
119,"FBU","4103148443.00"
120,"CIA","4018590589.00"
121,"MTS","3910443488.00"
122,"NWL","3902257488.00"
123,"BPT","3832640542.00"
124,"APE","3802126068.00"
125,"TLX","3774902796.00"
126,"ORA","3681189833.00"
127,"NEC","3666595494.00"
128,"SQ2","3657859318.00"
129,"AMP","3635733242.00"
130,"VTS","3634675188.00"
131,"ANN","3586140928.00"
132,"CNU","3569878034.00"
133,"NDQ","3521391370.00"
134,"BRG","3498143443.00"
135,"NSR","3424891784.00"
136,"PRU","3406020129.00"
137,"RWC","3397407490.00"
138,"AUB","3370330726.00"
139,"A200","3364297885.00"
140,"SMR","3335149046.00"
141,"PDN","3279241842.00"
142,"AAA","3274592613.00"
143,"CRN","3260702505.00"
144,"CLW","3246070042.00"
145,"SFR","3216519173.00"
146,"NIC","3214357410.00"
147,"SGM","3175785541.00"
148,"CTD","3163562629.00"
149,"VHY","3120350041.00"
150,"DOW","3082523187.00"
151,"GOLD","3075548486.00"
152,"SUL","3050916015.00"
153,"WEB","2993168083.00"
154,"CHN","2988990720.00"
155,"PPT","2965963725.00"
156,"IOO","2930467249.00"
157,"RGN","2918190737.00"
158,"ZIM","2913751158.00"
159,"LOV","2873719149.00"
160,"GNE","2833709452.00"
161,"CSR","2826110835.00"
162,"ARB","2793018152.00"
163,"HUB","2787379960.00"
164,"AVZ","2752409203.00"
165,"DHG","2684542900.00"
166,"VEU","2679895195.00"
167,"HDN","2668914074.00"
168,"ETHI","2646865971.00"
169,"DEG","2638372086.00"
170,"BFL","2630448482.00"
171,"TAH","2623811337.00"
172,"VNT","2609227557.00"
173,"DRR","2595669178.00"
174,"NABPH","2526501515.00"
175,"AIZ","2509505915.00"
176,"VGAD","2505409150.00"
177,"MGF","2503394781.00"
178,"GOZ","2499952135.00"
179,"PXA","2496747095.00"
180,"BWP","2492449156.00"
181,"ABP","2448621914.00"
182,"VUK","2434383557.00"
183,"VAP","2410964045.00"
184,"BAP","2399646375.00"
185,"HYGG","2356567045.00"
186,"SGR","2338993867.00"
187,"SNZ","2329282816.00"
188,"CQR","2278420067.00"
189,"NUF","2214358855.00"
190,"CXO","2165172065.00"
191,"IFL","2139860765.00"
192,"GOR","2119098033.00"
193,"PNI","2110253275.00"
194,"SYA","2092713221.00"
195,"HBRD","2085950714.00"
196,"NABPI","2078800000.00"
197,"VDHG","2075692010.00"
198,"EVT","2074674338.00"
199,"CIP","2063524564.00"
200,"APM","2054487559.00"
201,"IAF","2043308961.00"
202,"IRE","2024797898.00"
203,"NABPF","1998683070.00"
204,"CEN","1988494095.00"
205,"PSI","1956261566.00"
206,"KLS","1954520546.00"
207,"IPH","1937559847.00"
208,"MVW","1936265013.00"
209,"WAM","1903723880.00"
210,"WLE","1879710030.00"
211,"MP1","1872174029.00"
212,"HMC","1871824680.00"
213,"BGL","1866120142.00"
214,"CMM","1856245385.00"
215,"360","1855426938.00"
216,"GNC","1849590876.00"
217,"BKL","1847615819.00"
218,"HLS","1839577730.00"
219,"IVC","1832452524.00"
220,"LIC","1829539793.00"
221,"CBAPL","1828034302.00"
222,"WPR","1827341008.00"
223,"RRL","1827162739.00"
224,"JLG","1815393078.00"
225,"NEU","1812420480.00"
226,"WBCPK","1811250000.00"
227,"INA","1809669692.00"
228,"WBCPJ","1804930839.00"
229,"DDR","1800630897.00"
230,"LSF","1794359218.00"
231,"MXT","1791903259.00"
232,"CBAPK","1786050000.00"
233,"CMW","1780829355.00"
234,"MFG","1778032610.00"
235,"RMS","1774850311.00"
236,"WBCPH","1756261494.00"
237,"ABC","1750923175.00"
238,"MFF","1747599702.00"
239,"GUD","1740049496.00"
240,"SKC","1733267877.00"
241,"VAF","1730706747.00"
242,"NAN","1723168721.00"
243,"BOE","1711727785.00"
244,"CBAPI","1709400000.00"
245,"GMD","1701646555.00"
246,"AN3PG","1680392000.00"
247,"MAQ","1678050393.00"
248,"CBAPH","1650261000.00"
249,"ASK","1629487673.00"
250,"PNV","1613623637.00"
251,"EMR","1611313925.00"
252,"CCP","1602293790.00"
253,"CBAPM","1596500000.00"
254,"WBCPL","1589054573.00"
255,"CGC","1575366198.00"
256,"AN3PI","1568505000.00"
257,"MAD","1534000000.00"
258,"JDO","1531145023.00"
259,"AN3PK","1516500000.00"
260,"WBT","1508939030.00"
261,"PPH","1507929911.00"
262,"LNW","1497965095.00"
263,"KAR","1495398002.00"
264,"UMG","1483928510.00"
265,"WBCPI","1477119973.00"
266,"CDA","1461407871.00"
267,"BKI","1456881307.00"
268,"CNI","1431636261.00"
269,"AX1","1430871291.00"
270,"CBAPG","1428322350.00"
271,"ELD","1409853932.00"
272,"MND","1404584977.00"
273,"RDX","1391465784.00"
274,"DBI","1388132668.00"
275,"MMS","1373360433.00"
276,"ARF","1344491062.00"
277,"LFS","1341182869.00"
278,"OCL","1336709832.00"
279,"AN3PJ","1333187000.00"
280,"RCAP","1327914750.00"
281,"CTT","1326709006.00"
282,"IXJ","1325397019.00"
283,"FAIR","1324666310.00"
284,"SDR","1323067970.00"
285,"ING","1263710643.00"
286,"NABPJ","1258750000.00"
287,"AUI","1258207089.00"
288,"SYR","1247401985.00"
289,"STX","1242871600.00"
290,"SLR","1236559963.00"
291,"ARU","1235351417.00"
292,"AZS","1227237087.00"
293,"NWH","1226298337.00"
294,"CBAPJ","1212214000.00"
295,"HLI","1206935441.00"
296,"CKF","1206625063.00"
297,"QPON","1205457898.00"
298,"HGH","1199322358.00"
299,"LFG","1196987260.00"
300,"IMD","1196307648.00"
301,"BGA","1195694561.00"
302,"DTL","1179591774.00"
303,"IHVV","1179205263.00"
304,"SIQ","1177640638.00"
305,"LLL","1169873447.00"
306,"CQE","1165901347.00"
307,"MSB","1131744707.00"
308,"VSL","1127485548.00"
309,"LNK","1118312709.00"
310,"RSG","1117728449.00"
311,"PWH","1117233184.00"
312,"ABPDA","1117072041.00"
313,"DUI","1116196504.00"
314,"WAF","1115699744.00"
315,"AD8","1110982270.00"
316,"LRS","1101745105.00"
317,"MGH","1096880380.00"
318,"HSN","1096525274.00"
319,"ABG","1090262312.00"
320,"PTM","1070688993.00"
321,"MQGPC","1055500000.00"
322,"A4N","1050410460.00"
323,"GEM","1042290087.00"
324,"GRR","1035818135.00"
325,"RED","1021345829.00"
326,"SUBD","1015573610.00"
327,"CUV","1007970895.00"
328,"DYL","997280132.00"
329,"ERA","996673463.00"
330,"SLX","995843254.00"
331,"VGB","995558899.00"
332,"ABB","994641494.00"
333,"AN3PF","993560416.00"
334,"JIN","993373731.00"
335,"ASB","993090738.00"
336,"TUA","990364632.00"
337,"BGP","986852397.00"
338,"AGY","983085249.00"
339,"AAC","982509798.00"
340,"NCK","981720000.00"
341,"BRN","980717270.00"
342,"AN3PH","979773590.00"
343,"NWS","970632373.00"
344,"CXL","970360743.00"
345,"MQGPD","968875370.00"
346,"IMU","963455867.00"
347,"OML","963150777.00"
348,"NABPE","956886646.00"
349,"MAF","946766777.00"
350,"DXI","945464338.00"
351,"LKE","924589060.00"
352,"COF","910938820.00"
353,"ADT","905016949.00"
354,"VUL","902208043.00"
355,"SIG","900384954.00"
356,"SGF","896000490.00"
357,"IEM","892343317.00"
358,"MYR","878768332.00"
359,"RBD","872062076.00"
360,"PRN","869769693.00"
361,"VIF","867854739.00"
362,"FCL","861998866.00"
363,"TIE","859146717.00"
364,"THL","853927479.00"
365,"IFRA","853291606.00"
366,"HCW","852356985.00"
367,"SFY","851540601.00"
368,"WGX","850152800.00"
369,"IEU","846548412.00"
370,"RFF","837669513.00"
371,"TPW","837287471.00"
372,"RPL","835313198.00"
373,"URW","834001934.00"
374,"TYR","831217734.00"
375,"QAL","828844948.00"
376,"VBND","827808412.00"
377,"MCR","817289605.00"
378,"HTA","814350515.00"
379,"XARO","813326090.00"
380,"REG","812794281.00"
381,"CIN","810125055.00"
382,"VVLU","806477589.00"
383,"EHE","806086426.00"
384,"VSO","802891218.00"
385,"PL8","802465159.00"
386,"IDX","801620992.00"
387,"PGF","798643396.00"
388,"OBL","796851538.00"
389,"MICH","794815693.00"
390,"MQGPF","791175000.00"
391,"INR","786876850.00"
392,"HACK","786111216.00"
393,"FPR","781909817.00"
394,"DJW","779164022.00"
395,"AGG","769863012.00"
396,"QHAL","758820754.00"
397,"KMD","754028585.00"
398,"IAA","752796407.00"
399,"NVX","749632918.00"
400,"ACL","748804196.00"
401,"MQGPE","743938720.00"
402,"29M","743565352.00"
403,"RIC","742206876.00"
404,"EQT","741981566.00"
405,"VGE","735248644.00"
406,"VESG","734544294.00"
407,"NNUK","732801534.00"
408,"IWLD","726839927.00"
409,"WGB","724259297.00"
410,"BILL","719785196.00"
411,"VDGR","717998003.00"
412,"WTN","714839104.00"
413,"HPI","709184736.00"
414,"MOAT","694594786.00"
415,"SWM","692416686.00"
416,"MBLPC","684168117.00"
417,"DVP","682345733.00"
418,"MGX","680074826.00"
419,"MBLPD","677440256.00"
420,"SM1","675417332.00"
421,"PPM","672842434.00"
422,"KKC","670870472.00"
423,"KGN","664782789.00"
424,"FLOT","653921192.00"
425,"ILB","650578928.00"
426,"MVA","648577523.00"
427,"SNL","648264583.00"
428,"ERAR","645992060.00"
429,"IFM","644474705.00"
430,"PMT","641809081.00"
431,"VACF","641302046.00"
432,"BLY","639188094.00"
433,"TLG","636519314.00"
434,"VDBA","634763933.00"
435,"ACDC","633571614.00"
436,"QRI","630852116.00"
437,"NBI","625681329.00"
438,"WHF","619443017.00"
439,"ECX","618304606.00"
440,"PPC","610387064.00"
441,"RNU","596760762.00"
442,"RF1","589294357.00"
443,"VG1","588844746.00"
444,"JHG","587911772.00"
445,"USTB","584742403.00"
446,"PAC","584330406.00"
447,"OPH","583208337.00"
448,"HM1","581019665.00"
449,"MIR","580456812.00"
450,"CBO","577924733.00"
451,"AQZ","575430215.00"
452,"SSM","572836377.00"
453,"OCA","571738595.00"
454,"CRED","569304650.00"
455,"PBH","566152355.00"
456,"SBM","563413735.00"
457,"ALK","559871074.00"
458,"NTO","559514684.00"
459,"OMH","559507178.00"
460,"MOT","558989096.00"
461,"AEF","558271157.00"
462,"SHV","550816921.00"
463,"BNDS","543923022.00"
464,"GDX","543267397.00"
465,"ILC","543057487.00"
466,"BCB","542999965.00"
467,"TER","536647377.00"
468,"SLF","536536011.00"
469,"PFP","531163439.00"
470,"NXL","530582894.00"
471,"BENPH","529074164.00"
472,"AGVT","528395862.00"
473,"APX","528367179.00"
474,"MRM","522280293.00"
475,"GWA","521128047.00"
476,"IAGPE","519350000.00"
477,"DGL","518538393.00"
478,"OFX","517631104.00"
479,"ASG","512550000.00"
480,"ASIA","510927990.00"
481,"MEI","510166638.00"
482,"MVF","506525292.00"
483,"IGB","504832647.00"
484,"MHHT","503454072.00"
485,"AFG","499977877.00"
486,"MDX","498264670.00"
487,"DLI","494544817.00"
488,"GCI","493618704.00"
489,"GL1","491009146.00"
490,"IJP","490350486.00"
491,"JMS","489747758.00"
492,"SKO","487169568.00"
493,"SSR","486910993.00"
494,"GTK","484554486.00"
495,"F100","482330725.00"
496,"FGG","481496538.00"
497,"PGG","481479717.00"
498,"PWR","481377641.00"
499,"PIC","480553192.00"
500,"QAU","479688141.00"
501,"HLO","477466872.00"
502,"STA","476097693.00"
503,"IJR","476025045.00"
504,"FGX","473912271.00"
505,"PE1","468853883.00"
506,"NWE","465640822.00"
507,"PDI","465354920.00"
508,"CGFPB","463082000.00"
509,"AIS","462933549.00"
510,"COE","460517971.00"
511,"LIN","460011090.00"
512,"PGH","457905770.00"
513,"XALG","451142350.00"
514,"EML","450650875.00"
515,"QOZ","450328938.00"
516,"KCN","444854111.00"
517,"BBOZ","442719537.00"
518,"ZIP","442097872.00"
519,"WGO","440799606.00"
520,"BLX","437962764.00"
521,"SGLLV","437179046.00"
522,"CWP","435853728.00"
523,"RDY","434402449.00"
524,"IPD","434038035.00"
525,"DJRE","430295964.00"
526,"GEAR","429746245.00"
527,"IPG","428605997.00"
528,"PPS","427790554.00"
529,"IVE","424896862.00"
530,"BMN","424440061.00"
531,"RMC","423711569.00"
532,"RG8","423320194.00"
533,"LYL","420848993.00"
534,"YMAX","420539239.00"
535,"SMP","419381535.00"
536,"PCI","419011437.00"
537,"LAU","418698743.00"
538,"SYI","416871483.00"
539,"AKP","415659723.00"
540,"GDI","414642043.00"
541,"SUNPI","414315000.00"
542,"UNI","413525166.00"
543,"MYS","412206758.00"
544,"ADH","411429399.00"
545,"VGL","411062893.00"
546,"BOQPG","410280000.00"
547,"ALI","410113425.00"
548,"PMC","409684138.00"
549,"CGFPC","407715000.00"
550,"C79","407425398.00"
551,"OPT","406428708.00"
552,"MYX","403252125.00"
553,"SST","403107081.00"
554,"IGL","403054474.00"
555,"AASF","402824395.00"
556,"PLL","402484470.00"
557,"SVR","401754693.00"
558,"CTM","401479897.00"
559,"PAR","401310730.00"
560,"REP","401234752.00"
561,"VETH","400059085.00"
562,"PNR","399842594.00"
563,"EHL","399632014.00"
564,"SUNPH","398725000.00"
565,"MHJ","398673328.00"
566,"DDH","398013971.00"
567,"SRG","394797715.00"
568,"A11","393732079.00"
569,"MVR","391940729.00"
570,"QLTY","391420848.00"
571,"FSF","388827762.00"
572,"HETH","387613615.00"
573,"AVR","386976694.00"
574,"AFP","386956499.00"
575,"SUNPG","386250000.00"
576,"IMM","385874518.00"
577,"NMT","381391411.00"
578,"DXC","380208114.00"
579,"AVH","378280594.00"
580,"RUL","377667089.00"
581,"IZZ","376814328.00"
582,"LOT","376314972.00"
583,"ARX","375704867.00"
584,"MAY","370722451.00"
585,"AGI","370473322.00"
586,"WDIV","370309521.00"
587,"NXD","368552979.00"
588,"GNG","368373335.00"
589,"GLN","368298486.00"
590,"MAH","366347589.00"
591,"NGI","365538014.00"
592,"CGFPD","365050000.00"
593,"SVL","365045107.00"
594,"VBLD","364310125.00"
595,"HAS","364283409.00"
596,"SPR","364212314.00"
597,"SKT","362209640.00"
598,"BOQPE","361375000.00"
599,"CVW","360266063.00"
600,"VAE","359828428.00"
601,"BVS","358683202.00"
602,"HT1","355442692.00"
603,"FANG","354985285.00"
604,"AGX1","353325932.00"
605,"3PL","352238766.00"
606,"KSC","351701886.00"
607,"PIXX","348975726.00"
608,"PEB","348457044.00"
609,"WXOZ","348083983.00"
610,"BDM","346929772.00"
611,"SLC","346278051.00"
612,"BCI","345858891.00"
613,"CDP","343767937.00"
614,"JRV","343078059.00"
615,"BBUS","342694852.00"
616,"APZ","340900445.00"
617,"PAI","340267321.00"
618,"BTH","340061730.00"
619,"BFG","339988585.00"
620,"MNS","339616019.00"
621,"TECH","339296491.00"
622,"IHCB","338892072.00"
623,"RAC","338753946.00"
624,"WMI","338172513.00"
625,"WCMQ","336364156.00"
626,"WR1","334707805.00"
627,"4DX","334667070.00"
628,"BCK","334088357.00"
629,"BENPG","331037805.00"
630,"DUR","330199617.00"
631,"SRV","326760372.00"
632,"IHOO","326215877.00"
633,"A1N","325361328.00"
634,"CU6","324705449.00"
635,"ISEC","320827296.00"
636,"CAJ","319056761.00"
637,"RARI","319047383.00"
638,"ALG","319004501.00"
639,"LGL","318592552.00"
640,"AMH","318124957.00"
641,"PAN","317891671.00"
642,"CGS","317765996.00"
643,"VIT","317223280.00"
644,"EX20","316567551.00"
645,"PPE","314718677.00"
646,"5EA","311102963.00"
647,"EBR","310112529.00"
648,"IPX","309603167.00"
649,"ASM","309368063.00"
650,"AYUPA","309060000.00"
651,"GDF","308458109.00"
652,"BKY","307599733.00"
653,"CVN","306031774.00"
654,"CVC","303742644.00"
655,"UOS","303243179.00"
656,"CAT","301579519.00"
657,"TRJ","301120113.00"
658,"RHI","300630582.00"
659,"IHD","300494007.00"
660,"TRA","300181708.00"
661,"GRX","299795372.00"
662,"MLX","299397802.00"
663,"GDG","299161490.00"
664,"TBN","298376095.00"
665,"WC8","296199816.00"
666,"NWF","296015287.00"
667,"BBN","295445211.00"
668,"ECF","294397408.00"
669,"BHYB","292510214.00"
670,"HZN","291307673.00"
671,"BSE","288612903.00"
672,"AMPPB","288062500.00"
673,"GBND","287929851.00"
674,"RCB","286313298.00"
675,"PLUS","285750483.00"
676,"AMA","284363608.00"
677,"4DS","283837987.00"
678,"HNDQ","281546331.00"
679,"WVOL","280167260.00"
680,"SVM","276985308.00"
681,"RHCPA","275158000.00"
682,"PIA","274821802.00"
683,"COG","274712657.00"
684,"CDM","273959257.00"
685,"QOR","272680141.00"
686,"DHHF","272174587.00"
687,"AOF","271232671.00"
688,"PYC","270930070.00"
689,"BOQPF","270348000.00"
690,"SFC","269560124.00"
691,"ASN","268703095.00"
692,"VISM","267638283.00"
693,"FDV","267554071.00"
694,"OBM","265795351.00"
695,"CYC","265726603.00"
696,"WAX","265244270.00"
697,"ABA","263309647.00"
698,"BST","263270553.00"
699,"D2O","261903285.00"
700,"NPR","261573548.00"
701,"88E","261402287.00"
702,"SYM","259750713.00"
703,"LPGD","257515697.00"
704,"DSE","256313341.00"
705,"ENN","255976577.00"
706,"BOT","255815426.00"
707,"HUM","255200643.00"
708,"HE8","255196845.00"
709,"ROBO","254338024.00"
710,"WA1","253748574.00"
711,"VEQ","253202467.00"
712,"SO4","253107474.00"
713,"CLG","252671828.00"
714,"OZBD","252390095.00"
715,"DRE","251767345.00"
716,"RDV","250778855.00"
717,"IJH","250733252.00"
718,"VHT","250542933.00"
719,"REIT","249088293.00"
720,"LPI","248493536.00"
721,"HLA","246737880.00"
722,"IHL","245986605.00"
723,"PSQ","245756185.00"
724,"IHWL","245705271.00"
725,"HFR","243836958.00"
726,"GNX","242405999.00"
727,"SXL","242039709.00"
728,"IR1","241579994.00"
729,"URF","240999818.00"
730,"QUS","239369615.00"
731,"PEN","238839501.00"
732,"ACF","237469134.00"
733,"NFNG","237195000.00"
734,"FFX","236569315.00"
735,"WQG","236184213.00"
736,"ORR","235877968.00"
737,"QPM","235756969.00"
738,"NXG","235114141.00"
739,"QSML","233891869.00"
740,"MGV","233527140.00"
741,"TWR","233382652.00"
742,"ANG","233335834.00"
743,"IXI","230597421.00"
744,"KSL","229548720.00"
745,"M7T","229208959.00"
746,"PBP","227705537.00"
747,"WXHG","227703930.00"
748,"CLV","227119104.00"
749,"LGI","226914991.00"
750,"CVL","226353457.00"
751,"IVZ","226099532.00"
752,"IAGPD","224873310.00"
753,"AGE","224802488.00"
754,"DUG","224434433.00"
755,"ATA","223948646.00"
756,"GCY","223782420.00"
757,"NTU","223416420.00"
758,"SXE","223271583.00"
759,"QVE","223107088.00"
760,"TRS","222034439.00"
761,"VDCO","221733102.00"
762,"BET","221382314.00"
763,"FEMX","220258138.00"
764,"FWD","219683069.00"
765,"WOT","218902790.00"
766,"EXP","218660991.00"
767,"BRI","216668813.00"
768,"VLUE","216656599.00"
769,"KPG","215550000.00"
770,"PLY","215499811.00"
771,"WMA","215350894.00"
772,"FEX","215190195.00"
773,"SPL","214683035.00"
774,"CNB","213827514.00"
775,"GNP","213269938.00"
776,"MAU","212073861.00"
777,"IOD","211817577.00"
778,"TBR","211446350.00"
779,"QGL","210856250.00"
780,"SFX","208094489.00"
781,"FUEL","206576368.00"
782,"GVF","206361472.00"
783,"RBTZ","205918449.00"
784,"VLC","205762309.00"
785,"DRO","205416264.00"
786,"EOS","204627027.00"
787,"A2B","203667547.00"
788,"RDT","202523908.00"
789,"GLOB","201589497.00"
790,"FID","201456787.00"
791,"A1M","201067611.00"
792,"ZER","200051111.00"
793,"BRL","199970970.00"
794,"EZL","199712900.00"
795,"NZM","198626703.00"
796,"ATEC","197180920.00"
797,"SDG","197149702.00"
798,"MVE","197032740.00"
799,"SLH","196711387.00"
800,"FZO","196620815.00"
801,"AEE","196042655.00"
802,"TSK","195188527.00"
803,"RBL","194404156.00"
804,"ENR","193807633.00"
805,"AMI","193802969.00"
806,"WGN","193247225.00"
807,"WAR","192734564.00"
808,"KED","192309950.00"
809,"TGP","191748050.00"
810,"MVB","191534207.00"
811,"PGC","191210319.00"
812,"OOO","191185826.00"
813,"CYL","190360346.00"
814,"CEL","188130223.00"
815,"BUB","187839352.00"
816,"HVST","187477271.00"
817,"COI","186919021.00"
818,"BTI","186502908.00"
819,"XRF","186387694.00"
820,"FRI","185043737.00"
821,"MI6","184860000.00"
822,"AVJ","184834981.00"
823,"QRE","183799484.00"
824,"CKA","183421327.00"
825,"LM8","181954285.00"
826,"SLA","181143214.00"
827,"RFG","180709887.00"
828,"CII","179150716.00"
829,"AVL","178944509.00"
830,"ERTH","178411013.00"
831,"RXM","177836276.00"
832,"PCL","177192902.00"
833,"EGG","176168711.00"
834,"TNT","176043675.00"
835,"MAET","175833581.00"
836,"VCF","174686062.00"
837,"HCH","174390001.00"
838,"GGUS","173773792.00"
839,"ONE","172931018.00"
840,"COB","172076751.00"
841,"AXE","172021734.00"
842,"XAM","171971540.00"
843,"PRT","170343591.00"
844,"SRL","170209391.00"
845,"TGF","170045837.00"
846,"TIG","169867131.00"
847,"CRD","168484398.00"
848,"BRB","168344323.00"
849,"DRUG","167720639.00"
850,"CYM","167718356.00"
851,"RDG","167336744.00"
852,"VIA","166624808.00"
853,"ALC","164848977.00"
854,"ATC","164078075.00"
855,"NOL","163323396.00"
856,"ESGI","162144167.00"
857,"GGOV","162128735.00"
858,"RCT","161901419.00"
859,"EOL","161843293.00"
860,"CAA","161537841.00"
861,"NXS","161092601.00"
862,"MTO","160898048.00"
863,"REX","160680668.00"
864,"BOC","160425000.00"
865,"MSTR","160394851.00"
866,"CHL","160160782.00"
867,"PPK","158934942.00"
868,"EEG","158489835.00"
869,"G1A","157905015.00"
870,"GAL","157111817.00"
871,"DNK","156542097.00"
872,"EUR","156370113.00"
873,"ADN","155500422.00"
874,"GT1","155473592.00"
875,"ESS","155188683.00"
876,"SZL","154985696.00"
877,"JRL","154923208.00"
878,"GRNV","154595637.00"
879,"LCY","153763829.00"
880,"CCV","153748529.00"
881,"POS","153181390.00"
882,"FOR","152966870.00"
883,"EL8","152825276.00"
884,"ERD","152738387.00"
885,"WDMF","152653115.00"
886,"OZR","152586460.00"
887,"IKO","152541289.00"
888,"SPY","152413148.00"
889,"RGB","152119450.00"
890,"IMA","151719786.00"
891,"RWL","151258892.00"
892,"COS","151057419.00"
893,"EBND","150946207.00"
894,"PCG","150631066.00"
895,"E25","150463691.00"
896,"LIS","150447054.00"
897,"UMAX","150173198.00"
898,"MDR","149660207.00"
899,"WAT","149183412.00"
900,"IHHY","148926240.00"
901,"NCZ","148482094.00"
902,"KKO","148309517.00"
903,"GDC","147977412.00"
904,"LEG","147975336.00"
905,"PEK","147961781.00"
906,"BKT","147907368.00"
907,"KIL","147730576.00"
908,"CCX","147269255.00"
909,"SSG","146733993.00"
910,"ANO","146644397.00"
911,"GOW","146605594.00"
912,"CVV","146151234.00"
913,"DCN","146016113.00"
914,"FOOD","145909771.00"
915,"ETPMAG","144320938.00"
916,"VVA","144006255.00"
917,"LFSPA","143250000.00"
918,"CLX","143157055.00"
919,"EGH","143005143.00"
920,"DEV","142749751.00"
921,"AZL","141665269.00"
922,"AVG","141477552.00"
923,"MIH","141092201.00"
924,"RTR","141018607.00"
925,"LRK","139922732.00"
926,"ASO","139341367.00"
927,"3DP","138950272.00"
928,"EVS","138776004.00"
929,"MVP","138519806.00"
930,"MCA","137835610.00"
931,"HGO","137661913.00"
932,"TVN","136934476.00"
933,"SHA","136922386.00"
934,"G6M","136409695.00"
935,"CNEW","135957191.00"
936,"PIQ","135791540.00"
937,"TPD","135659558.00"
938,"MHG","135000144.00"
939,"MXI","134987311.00"
940,"AND","134003352.00"
941,"VHM","133986187.00"
942,"HZR","132946120.00"
943,"EMV","132527090.00"
944,"QIP","132458277.00"
945,"ISO","132362669.00"
946,"EXR","132303410.00"
947,"CLNE","132202797.00"
948,"FBR","132080339.00"
949,"ACW","131856407.00"
950,"IKE","131778690.00"
951,"RHK","131701890.00"
952,"BCN","131486886.00"
953,"GLB","131440303.00"
954,"ICOR","130937433.00"
955,"SHJ","130812668.00"
956,"USD","130781914.00"
957,"BC8","130616582.00"
958,"RHY","130300553.00"
959,"X64","130184182.00"
960,"EGN","129416605.00"
961,"HPG","129117012.00"
962,"EMMG","127679491.00"
963,"RCE","127451832.00"
964,"DTZ","127364509.00"
965,"FSA","127230297.00"
966,"MNB","127079803.00"
967,"FLC","126858037.00"
968,"IESG","126497575.00"
969,"IXR","126275357.00"
970,"SPZ","126127080.00"
971,"SND","125877964.00"
972,"ARL","125483184.00"
973,"CAI","125271989.00"
974,"CCR","125067257.00"
975,"SNAS","124423000.00"
976,"WIRE","124123679.00"
977,"ARA","122621036.00"
978,"MOV","122204385.00"
979,"AUC","122191159.00"
980,"VML","122041444.00"
981,"STK","121618316.00"
982,"SMI","121253742.00"
983,"CAM","120986865.00"
984,"SRX","120907387.00"
985,"CAE","120825690.00"
986,"TUL","120676501.00"
987,"AUT","120267488.00"
988,"CYG","120062640.00"
989,"EMH","119547259.00"
990,"TMH","118759855.00"
991,"STP","118617786.00"
992,"SZLDA","118278566.00"
993,"SEC","118195994.00"
994,"SMN","118078071.00"
995,"NWSLV","117514313.00"
996,"FLN","117237869.00"
997,"EQR","117158955.00"
998,"JAN","117035930.00"
999,"TOT","116993595.00"
1000,"OZF","116725546.00"
1001,"EVO","116471123.00"
1002,"GSS","116158857.00"
1003,"SEMI","115931776.00"
1004,"MAP","115481012.00"
1005,"LMG","115253261.00"
1006,"ORN","114780977.00"
1007,"HHR","114634106.00"
1008,"LPD","114574586.00"
1009,"DRA","114315100.00"
1010,"CD3","113804904.00"
1011,"FHE","113452744.00"
1012,"3DA","112548208.00"
1013,"BGBL","111694254.00"
1014,"NTD","111281551.00"
1015,"EAFZ","111209073.00"
1016,"AW1","111158918.00"
1017,"CXM","110470371.00"
1018,"ART","110142640.00"
1019,"VMT","110123794.00"
1020,"ACE","109750478.00"
1021,"IIGF","109151970.00"
1022,"LME","109140061.00"
1023,"MMI","109131509.00"
1024,"PAXX","109086911.00"
1025,"GTN","108799746.00"
1026,"PSC","108630974.00"
1027,"MLG","108523526.00"
1028,"NZK","108290942.00"
1029,"BIS","108186128.00"
1030,"DRX","108163015.00"
1031,"BEZ","107927876.00"
1032,"NRZ","107768980.00"
1033,"EWC","107762244.00"
1034,"NWC","107380094.00"
1035,"FDEM","107302263.00"
1036,"EP1","106956041.00"
1037,"SOP","106685721.00"
1038,"ADO","106596803.00"
1039,"NVA","106499337.00"
1040,"DSK","106478049.00"
1041,"TOP","106319441.00"
1042,"HAV","106074135.00"
1043,"EAI","105542852.00"
1044,"BBL","105393678.00"
1045,"ZEO","105005163.00"
1046,"BYE","104895325.00"
1047,"SDI","104601666.00"
1048,"ASH","104382530.00"
1049,"AR1","103571052.00"
1050,"TGN","102233855.00"
1051,"KGL","102112535.00"
1052,"SPQ","102073225.00"
1053,"CRYP","102060000.00"
1054,"IVR","102038787.00"
1055,"SOM","101793957.00"
1056,"ABY","101419962.00"
1057,"ACQ","101227547.00"
1058,"BLG","101216377.00"
1059,"LBL","100888283.00"
1060,"RYD","100824426.00"
1061,"AHX","100803050.00"
1062,"EGL","100743212.00"
1063,"NSC","100654485.00"
1064,"ARR","100435680.00"
1065,"KOV","100168875.00"
1066,"TTM","98789123.00"
1067,"TGM","98710501.00"
1068,"RXL","98634507.00"
1069,"PVE","98171738.00"
1070,"LEL","97860300.00"
1071,"IMR","97481700.00"
1072,"VLS","96578755.00"
1073,"IRD","96412363.00"
1074,"EIQ","96408853.00"
1075,"SNC","96165658.00"
1076,"OEL","95900195.00"
1077,"EVODB","95729690.00"
1078,"VRX","95268515.00"
1079,"FCT","94782272.00"
1080,"PTX","94350445.00"
1081,"STM","94336071.00"
1082,"MSV","94065865.00"
1083,"IIND","94045229.00"
1084,"ISLM","93898517.00"
1085,"CSS","93501574.00"
1086,"JYC","93447900.00"
1087,"ACB","93153785.00"
1088,"NZO","92939598.00"
1089,"AHL","92751508.00"
1090,"EGR","92318359.00"
1091,"VEE","92289227.00"
1092,"NAM","92202534.00"
1093,"PGL","92154639.00"
1094,"MCP","92127450.00"
1095,"ESTX","91517111.00"
1096,"HIT","90730000.00"
1097,"BSX","90000893.00"
1098,"MAM","89909193.00"
1099,"GLIN","89667000.00"
1100,"AESG","89661600.00"
1101,"TEK","89258632.00"
1102,"HJPN","89177485.00"
1103,"ATR","88830018.00"
1104,"ACEDB","88304983.00"
1105,"GEN","87902731.00"
1106,"CRR","87711518.00"
1107,"PH2","87014724.00"
1108,"ECL","86693462.00"
1109,"BIT","86586711.00"
1110,"AMN","86505746.00"
1111,"MRL","86049833.00"
1112,"SPT","85891010.00"
1113,"CE1","85645108.00"
1114,"INIF","85536605.00"
1115,"IHR","84855040.00"
1116,"IRI","84749681.00"
1117,"RDN","84706314.00"
1118,"HNG","84510872.00"
1119,"IHEB","84456859.00"
1120,"SGH","84260378.00"
1121,"PEX","84211341.00"
1122,"WIN","84089297.00"
1123,"MCM","83929692.00"
1124,"ZYUS","83671496.00"
1125,"TMK","83475000.00"
1126,"SHM","83399555.00"
1127,"OCC","82825290.00"
1128,"WKT","82815847.00"
1129,"FMS","82735803.00"
1130,"TMT","82642945.00"
1131,"AKL","82350704.00"
1132,"GDA","82136529.00"
1133,"MWY","82096049.00"
1134,"IIQ","81896645.00"
1135,"GAP","81535947.00"
1136,"BLU","81435003.00"
1137,"VEFI","81177860.00"
1138,"SEQ","81103741.00"
1139,"TPC","81101428.00"
1140,"VYS","81057839.00"
1141,"DVDY","80821012.00"
1142,"TYX","80767058.00"
1143,"HMX","80497920.00"
1144,"BRK","80232730.00"
1145,"RFT","79744429.00"
1146,"ZNC","79133860.00"
1147,"RND","79057586.00"
1148,"TWD","78965308.00"
1149,"TRY","78917549.00"
1150,"CPV","78703833.00"
1151,"BMT","78632834.00"
1152,"CVB","78631518.00"
1153,"EPY","78280746.00"
1154,"ESPO","78117995.00"
1155,"S2R","77917389.00"
1156,"FAR","77790958.00"
1157,"WZR","77303670.00"
1158,"ETM","77277409.00"
1159,"MCE","76351159.00"
1160,"HLTH","76040525.00"
1161,"KAI","76006453.00"
1162,"AAR","75831429.00"
1163,"MBH","75774583.00"
1164,"SMLL","75650670.00"
1165,"PLT","75617690.00"
1166,"AZY","75453858.00"
1167,"EOF","75398466.00"
1168,"ELS","75159791.00"
1169,"CHZ","75046672.00"
1170,"MOGL","74889458.00"
1171,"AXN","74876160.00"
1172,"MFD","74783047.00"
1173,"MTC","74425928.00"
1174,"WMC","74238031.00"
1175,"ICI","73821313.00"
1176,"TSI","73227494.00"
1177,"INES","73161210.00"
1178,"DXB","73102661.00"
1179,"RMY","72532542.00"
1180,"DME","72408898.00"
1181,"CAY","72119422.00"
1182,"SSL","72067311.00"
1183,"LSX","71894620.00"
1184,"SXG","71860772.00"
1185,"SVY","71752718.00"
1186,"INF","71701774.00"
1187,"CY5","71446572.00"
1188,"AVC","71231587.00"
1189,"SWTZ","71102100.00"
1190,"NDIA","70815786.00"
1191,"MMM","70804751.00"
1192,"ESK","70749181.00"
1193,"SLM","70588166.00"
1194,"IXU","70413502.00"
1195,"ALA","70353255.00"
1196,"TVL","70303828.00"
1197,"MNRS","70164608.00"
1198,"FAL","69915000.00"
1199,"CAN","69866076.00"
1200,"TZN","69846570.00"
1201,"SWP","69376045.00"
1202,"EMN","69330911.00"
1203,"DUB","69269782.00"
1204,"CUP","69147911.00"
1205,"RKN","69109848.00"
1206,"KLL","69078215.00"
1207,"PTL","69036097.00"
1208,"EMKT","69034345.00"
1209,"CD2","68747603.00"
1210,"BRU","68544955.00"
1211,"ZYAU","67903918.00"
1212,"TNC","67558777.00"
1213,"PCK","67503490.00"
1214,"BNKS","67467444.00"
1215,"SDV","67380250.00"
1216,"MX1","67135249.00"
1217,"1MC","67084385.00"
1218,"WA8","66814116.00"
1219,"AIM","66639722.00"
1220,"SB2","66632688.00"
1221,"VEN","66457850.00"
1222,"LNAS","66380109.00"
1223,"BBX","66247399.00"
1224,"OIL","65751588.00"
1225,"MME","65625756.00"
1226,"HGEN","65314551.00"
1227,"MEA","64825996.00"
1228,"URNM","64603310.00"
1229,"ANP","64254195.00"
1230,"VR1","64215571.00"
1231,"BOL","64166131.00"
1232,"BBT","64064393.00"
1233,"USQ","63872401.00"
1234,"DZZF","63799300.00"
1235,"PPG","63590699.00"
1236,"XTC","63480598.00"
1237,"JGH","63073367.00"
1238,"EMD","62711769.00"
1239,"DBF","62683413.00"
1240,"SEG","62666887.00"
1241,"UBI","62648983.00"
1242,"NTI","62643973.00"
1243,"GROW","62619699.00"
1244,"SOR","62570681.00"
1245,"TIP","62333123.00"
1246,"NGY","62200131.00"
1247,"TOE","62156869.00"
1248,"AVD","62094933.00"
1249,"LLI","61880050.00"
1250,"GAS","61828884.00"
1251,"ARV","61421816.00"
1252,"SIO","61184097.00"
1253,"MCL","61125953.00"
1254,"AQC","60779417.00"
1255,"LOM","60461515.00"
1256,"HIO","60186556.00"
1257,"FML","60177315.00"
1258,"KIN","60085678.00"
1259,"AVA","60022439.00"
1260,"LGP","59917668.00"
1261,"RSH","59812981.00"
1262,"DGR","59490528.00"
1263,"EM2","59468538.00"
1264,"WAK","59454640.00"
1265,"BEAR","59442055.00"
1266,"BBC","59359703.00"
1267,"WAA","59322138.00"
1268,"DNA","59298690.00"
1269,"FBM","59195573.00"
1270,"AR3","59024962.00"
1271,"LIT","58617200.00"
1272,"NCC","58362251.00"
1273,"AE1","58218748.00"
1274,"RINC","58212227.00"
1275,"XASG","58199211.00"
1276,"QFN","58153272.00"
1277,"APW","57874808.00"
1278,"MEC","57826865.00"
1279,"LKO","57825090.00"
1280,"SGQ","57779603.00"
1281,"EBG","57741683.00"
1282,"STG","57661521.00"
1283,"GRV","57506862.00"
1284,"FSG","57280620.00"
1285,"MFB","56972818.00"
1286,"ADA","56787617.00"
1287,"CNW","56730389.00"
1288,"HMY","56590102.00"
1289,"AUMF","56267764.00"
1290,"MEK","56212656.00"
1291,"TON","56208802.00"
1292,"FGR","56019707.00"
1293,"NOV","55841204.00"
1294,"RFX","55835732.00"
1295,"NHE","55551582.00"
1296,"CLA","55338792.00"
1297,"NXM","55327063.00"
1298,"AHC","55250132.00"
1299,"ODA","55161833.00"
1300,"PAM","55062484.00"
1301,"RTG","54942995.00"
1302,"KRM","54934436.00"
1303,"AHI","54425992.00"
1304,"BNZ","54377002.00"
1305,"AKG","54371931.00"
1306,"SOV","54304108.00"
1307,"HTG","54299058.00"
1308,"EYE","54243450.00"
1309,"GLL","54166000.00"
1310,"KSN","54034975.00"
1311,"CLDD","53870490.00"
1312,"PAB","53488978.00"
1313,"TI1","53424559.00"
1314,"CTP","53236013.00"
1315,"WSP","53188034.00"
1316,"IMB","53118528.00"
1317,"ATS","52970243.00"
1318,"BNO","52874475.00"
1319,"RLT","52504779.00"
1320,"CAF","52438701.00"
1321,"LVH","52392029.00"
1322,"BNL","52343612.00"
1323,"IBC","52313865.00"
1324,"AFA","52298237.00"
1325,"WRLD","52260781.00"
1326,"XTE","52152873.00"
1327,"KYP","52107884.00"
1328,"POL","52033878.00"
1329,"PUR","51725955.00"
1330,"CDX","51647588.00"
1331,"IVX","51373058.00"
1332,"PFG","51344298.00"
1333,"VRC","51212510.00"
1334,"TKM","50958810.00"
1335,"FEG","50505909.00"
1336,"RR1","50480810.00"
1337,"TBIL","50455843.00"
1338,"BGD","50443896.00"
1339,"FFI","50358518.00"
1340,"NML","50346451.00"
1341,"AKM","50256062.00"
1342,"HAW","50252342.00"
1343,"MVS","50125448.00"
1344,"DKM","50056994.00"
1345,"BFC","49926172.00"
1346,"CBR","49855839.00"
1347,"MGT","49294836.00"
1348,"RSM","49275433.00"
1349,"HEUR","49262135.00"
1350,"SPX","48996958.00"
1351,"CVCG","48993644.00"
1352,"5GG","48808768.00"
1353,"LDX","48778719.00"
1354,"VRS","48708700.00"
1355,"C6C","48623273.00"
1356,"ASP","48621743.00"
1357,"PRL","48441219.00"
1358,"NC1","48358751.00"
1359,"PRO","47850357.00"
1360,"ST1","47814306.00"
1361,"PV1","47787408.00"
1362,"FSI","47706650.00"
1363,"TGA","47626706.00"
1364,"HRN","47569024.00"
1365,"BXN","47541135.00"
1366,"OMA","47406483.00"
1367,"SWF","47371914.00"
1368,"CZR","47146929.00"
1369,"MKR","47055695.00"
1370,"TAM","47003882.00"
1371,"QMIX","46943666.00"
1372,"RZI","46722733.00"
1373,"EDC","46715847.00"
1374,"EPM","46645375.00"
1375,"RAD","46594790.00"
1376,"WOA","46566576.00"
1377,"TSO","46354553.00"
1378,"ELT","46313533.00"
1379,"GTG","46166633.00"
1380,"HQLT","46154907.00"
1381,"CUE","46075902.00"
1382,"AME","45961161.00"
1383,"XTCR","45920399.00"
1384,"BSA","45765747.00"
1385,"KZA","45605823.00"
1386,"BAS","45545936.00"
1387,"IPT","45515262.00"
1388,"OPY","45403853.00"
1389,"BML","45360320.00"
1390,"MYG","45283810.00"
1391,"MOZ","45168477.00"
1392,"CURE","45158929.00"
1393,"MYE","45148683.00"
1394,"IXC","45092309.00"
1395,"EME","45081912.00"
1396,"MRC","44944636.00"
1397,"BWF","44865186.00"
1398,"WWI","44860345.00"
1399,"IAM","44803331.00"
1400,"VR8","44668622.00"
1401,"SES","44511050.00"
1402,"MEU","44469624.00"
1403,"WCG","44432041.00"
1404,"AIQ","44326688.00"
1405,"LV1","44302827.00"
1406,"SNS","44252931.00"
1407,"PNN","44123913.00"
1408,"FYI","43958111.00"
1409,"MPA","43957822.00"
1410,"COD","43957303.00"
1411,"CCA","43936297.00"
1412,"PXS","43894643.00"
1413,"GBR","43870359.00"
1414,"ETR","43723331.00"
1415,"FTZ","43690253.00"
1416,"WMG","43674104.00"
1417,"PNC","43658196.00"
1418,"SMX","43642191.00"
1419,"USL","43637504.00"
1420,"LRT","43581872.00"
1421,"LER","43440933.00"
1422,"LEX","43323661.00"
1423,"NAC","43117197.00"
1424,"OAU","43015056.00"
1425,"BWX","42997313.00"
1426,"CYP","42982978.00"
1427,"NOU","42951944.00"
1428,"DEM","42906051.00"
1429,"IMPQ","42835150.00"
1430,"CPH","42740814.00"
1431,"CARRA","42632189.00"
1432,"GBE","42568570.00"
1433,"ERM","42487363.00"
1434,"EV1","42175000.00"
1435,"LSGE","41876183.00"
1436,"E200","41838441.00"
1437,"HRZ","41819021.00"
1438,"GGE","41758488.00"
1439,"MGU","41713822.00"
1440,"TOR","41529378.00"
1441,"MAG","41268528.00"
1442,"92E","41245536.00"
1443,"PNM","40941601.00"
1444,"MGL","40721482.00"
1445,"VMS","40697525.00"
1446,"AMX","40674631.00"
1447,"AGN","40651837.00"
1448,"DGH","40296340.00"
1449,"BOND","40163169.00"
1450,"DVR","40122920.00"
1451,"MPX","39664661.00"
1452,"WIA","39589453.00"
1453,"JPR","39355204.00"
1454,"BM8","39335626.00"
1455,"MKAX","39179416.00"
1456,"XF1","39097021.00"
1457,"REC","39066255.00"
1458,"GW1","38976542.00"
1459,"TOU","38934155.00"
1460,"SOC","38815027.00"
1461,"SFG","38692793.00"
1462,"RTH","38639797.00"
1463,"IDA","38568676.00"
1464,"CTE","38559555.00"
1465,"AR9","38553345.00"
1466,"AJL","38520430.00"
1467,"KAT","38479480.00"
1468,"NUH","38428627.00"
1469,"NET","38425757.00"
1470,"SPN","38356384.00"
1471,"DDB","38347592.00"
1472,"DGGF","38238678.00"
1473,"WRK","38147671.00"
1474,"REY","38109157.00"
1475,"SRN","37952723.00"
1476,"RVR","37847908.00"
1477,"BUX","37681285.00"
1478,"QXR","37668217.00"
1479,"VMM","37603352.00"
1480,"TLM","37547899.00"
1481,"RVT","37500396.00"
1482,"IND","37465000.00"
1483,"FRE","37459686.00"
1484,"PPL","37399637.00"
1485,"SRT","37273187.00"
1486,"GCAP","37071234.00"
1487,"INV","37025588.00"
1488,"VSR","36945775.00"
1489,"KME","36831698.00"
1490,"BTN","36603720.00"
1491,"REE","36501354.00"
1492,"MIO","36487767.00"
1493,"RHT","36407306.00"
1494,"VMC","36245737.00"
1495,"MPP","36148727.00"
1496,"GOAT","36047243.00"
1497,"UBN","36033872.00"
1498,"AV1","35962890.00"
1499,"CDO","35607691.00"
1500,"CMP","35432590.00"
1501,"HNR","35419863.00"
1502,"MLM","35405260.00"
1503,"GWR","35333832.00"
1504,"RMI","35222399.00"
1505,"CAMG","35172429.00"
1506,"FGH","35054661.00"
1507,"CSX","35043883.00"
1508,"DCC","35039395.00"
1509,"BKG","35026621.00"
1510,"JAT","34971326.00"
1511,"PAA","34860362.00"
1512,"KNI","34825759.00"
1513,"OSL","34798479.00"
1514,"DTC","34789012.00"
1515,"CLU","34736064.00"
1516,"OKR","34664193.00"
1517,"SUV","34554007.00"
1518,"ADX","34402991.00"
1519,"LCL","34155092.00"
1520,"SEN","33995938.00"
1521,"8VI","33905138.00"
1522,"PET","33717087.00"
1523,"MRR","33630893.00"
1524,"NOX","33607364.00"
1525,"EIGA","33607268.00"
1526,"VBS","33509397.00"
1527,"GOVT","33489277.00"
1528,"MM8","33441715.00"
1529,"ATP","33373997.00"
1530,"CBE","33328095.00"
1531,"ECG","33223500.00"
1532,"CHM","33219173.00"
1533,"ALO","33143671.00"
1534,"TBA","33129243.00"
1535,"SVG","33048477.00"
1536,"LPM","32994100.00"
1537,"BRX","32724733.00"
1538,"PWN","32671925.00"
1539,"DCG","32665965.00"
1540,"RTE","32607769.00"
1541,"CIW","32607119.00"
1542,"TTT","32602468.00"
1543,"QEM","32549218.00"
1544,"AT1","32540786.00"
1545,"AZI","32512490.00"
1546,"SCN","32496382.00"
1547,"KAU","32493490.00"
1548,"EG1","32332250.00"
1549,"POD","32309657.00"
1550,"ME1","32262645.00"
1551,"CPN","32220904.00"
1552,"GFL","32169477.00"
1553,"SKF","32038026.00"
1554,"ASW","31912283.00"
1555,"WLD","31875019.00"
1556,"ROG","31813363.00"
1557,"RVS","31774996.00"
1558,"WTL","31733262.00"
1559,"BDT","31691934.00"
1560,"MM1","31583247.00"
1561,"ITM","31572062.00"
1562,"HMD","31545416.00"
1563,"MXC","31530921.00"
1564,"VTM","31522301.00"
1565,"GC1","31507837.00"
1566,"KSS","31489180.00"
1567,"FPC","31452575.00"
1568,"MCCL","31307585.00"
1569,"CCE","31285147.00"
1570,"APC","31160334.00"
1571,"MRD","31139531.00"
1572,"ANX","31114007.00"
1573,"MAN","31109516.00"
1574,"NAG","31070240.00"
1575,"CD1","31068503.00"
1576,"NGE","30996130.00"
1577,"JAL","30929377.00"
1578,"BNR","30827066.00"
1579,"YOJ","30603485.00"
1580,"STN","30595815.00"
1581,"OJC","30573849.00"
1582,"JAY","30425670.00"
1583,"CCG","30298386.00"
1584,"JXT","30282610.00"
1585,"BCOM","30215920.00"
1586,"DHOF","30196462.00"
1587,"TCG","30163000.00"
1588,"AUST","30110290.00"
1589,"SHP","30000621.00"
1590,"PGY","29721150.00"
1591,"ECT","29719327.00"
1592,"ADXDA","29695214.00"
1593,"HSC","29622311.00"
1594,"CWX","29522620.00"
1595,"CHR","29507198.00"
1596,"AEV","29410123.00"
1597,"UNT","29397658.00"
1598,"WNX","29374062.00"
1599,"MHC","29362787.00"
1600,"EZZ","29252925.00"
1601,"ABX","29066806.00"
1602,"GSR","28984295.00"
1603,"EDU","28912528.00"
1604,"TEG","28894272.00"
1605,"FRX","28886097.00"
1606,"VBC","28791902.00"
1607,"AUQ","28723502.00"
1608,"AS2","28708567.00"
1609,"COO","28674326.00"
1610,"TIA","28580914.00"
1611,"RNO","28571969.00"
1612,"MIL","28533772.00"
1613,"MLS","28530701.00"
1614,"AUDS","28464000.00"
1615,"AOU","28237779.00"
1616,"AGR","28200526.00"
1617,"AQI","28190493.00"
1618,"AXI","28126388.00"
1619,"IME","28094741.00"
1620,"BDX","27955085.00"
1621,"SSO","27904521.00"
1622,"INCM","27878146.00"
1623,"GRE","27731822.00"
1624,"SGA","27701967.00"
1625,"ECS","27668267.00"
1626,"IISV","27650290.00"
1627,"YBR","27416042.00"
1628,"AML","27410016.00"
1629,"TAL","27343672.00"
1630,"QHL","27255961.00"
1631,"HGBL","27236850.00"
1632,"LVT","27226308.00"
1633,"EMC","27180953.00"
1634,"RDM","27015092.00"
1635,"CNQ","26997664.00"
1636,"CG1","26979290.00"
1637,"AGD","26941700.00"
1638,"KZR","26888503.00"
1639,"SPD","26708563.00"
1640,"GLE","26676000.00"
1641,"WSI","26583657.00"
1642,"TMS","26580169.00"
1643,"KTG","26540776.00"
1644,"FOD","26509327.00"
1645,"ATV","26483614.00"
1646,"DCGPA","26399940.00"
1647,"VTG","26380775.00"
1648,"IOU","26333295.00"
1649,"XRG","26325230.00"
1650,"PHX","26284799.00"
1651,"AQLT","26216080.00"
1652,"LCT","26162331.00"
1653,"AMS","26118370.00"
1654,"NUGG","26080600.00"
1655,"FODDB","26035946.00"
1656,"ARN","25969833.00"
1657,"HAL","25899043.00"
1658,"MZZ","25847944.00"
1659,"HCF","25811211.00"
1660,"LNR","25796238.00"
1661,"CETF","25794737.00"
1662,"DCL","25694605.00"
1663,"RRR","25685548.00"
1664,"QML","25561141.00"
1665,"AAU","25535369.00"
1666,"1AE","25473109.00"
1667,"CF1","25276658.00"
1668,"ODY","25262747.00"
1669,"ANL","25143441.00"
1670,"ICL","25028571.00"
1671,"FME","25004563.00"
1672,"ADR","24997042.00"
1673,"DTR","24961991.00"
1674,"GMN","24959864.00"
1675,"AMO","24709877.00"
1676,"PHO","24697202.00"
1677,"IG6","24636671.00"
1678,"WHFPB","24620666.00"
1679,"1AI","24536103.00"
1680,"NGX","24465197.00"
1681,"SIH","24408512.00"
1682,"ENA","24342100.00"
1683,"TCO","24289742.00"
1684,"MVOL","24264755.00"
1685,"JEPI","24201500.00"
1686,"CST","24190243.00"
1687,"AUG","24186000.00"
1688,"PGO","24183199.00"
1689,"EEL","24160090.00"
1690,"JATDD","24146868.00"
1691,"EINC","24070746.00"
1692,"NSX","24018852.00"
1693,"CAV","23964862.00"
1694,"ELE","23789525.00"
1695,"NCL","23772980.00"
1696,"CXZ","23674172.00"
1697,"ZEU","23671494.00"
1698,"SKY","23636953.00"
1699,"RGL","23636693.00"
1700,"XMET","23607979.00"
1701,"8IH","23585495.00"
1702,"EQX","23570164.00"
1703,"LDR","23561082.00"
1704,"BIO","23555685.00"
1705,"BCT","23551125.00"
1706,"IDT","23539589.00"
1707,"FLX","23507957.00"
1708,"AQN","23362915.00"
1709,"IBX","23353316.00"
1710,"RNE","23346613.00"
1711,"K2F","23229211.00"
1712,"AON","23169648.00"
1713,"DOC","23098461.00"
1714,"ICS","23047602.00"
1715,"BGT","23014331.00"
1716,"PXX","23000097.00"
1717,"IYLD","22820468.00"
1718,"BPH","22817572.00"
1719,"EMB","22657499.00"
1720,"BTR","22608183.00"
1721,"FND","22604339.00"
1722,"GTR","22494418.00"
1723,"PIL","22416425.00"
1724,"ALV","22409294.00"
1725,"ALY","22383449.00"
1726,"MEL","22341622.00"
1727,"AYA","22339626.00"
1728,"AUZ","22300450.00"
1729,"TCF","22103134.00"
1730,"ECP","22006906.00"
1731,"CDT","21988846.00"
1732,"IMC","21868641.00"
1733,"LRV","21857785.00"
1734,"DBBF","21813246.00"
1735,"PGM","21811312.00"
1736,"ATH","21747766.00"
1737,"PVT","21731418.00"
1738,"EVZ","21711945.00"
1739,"AGH","21694569.00"
1740,"EGY","21610229.00"
1741,"ADV","21506683.00"
1742,"BIR","21493941.00"
1743,"XPN","21401216.00"
1744,"SKS","21398358.00"
1745,"C1X","21348000.00"
1746,"ATX","21340609.00"
1747,"FFT","21295097.00"
1748,"8CO","21289016.00"
1749,"AL3","21199834.00"
1750,"NIM","21187062.00"
1751,"EFE","21113090.00"
1752,"BUD","21075150.00"
1753,"CGN","21063474.00"
1754,"SRK","20997500.00"
1755,"LU7","20980182.00"
1756,"PRX","20974594.00"
1757,"NCCGA","20930000.00"
1758,"ESR","20770006.00"
1759,"PGD","20757966.00"
1760,"TOY","20714080.00"
1761,"CSE","20705609.00"
1762,"GMR","20705593.00"
1763,"RNX","20638723.00"
1764,"MAAT","20547466.00"
1765,"CLE","20529010.00"
1766,"AYI","20527433.00"
1767,"OEC","20516178.00"
1768,"RLF","20448723.00"
1769,"ZLD","20424879.00"
1770,"GHY","20400000.00"
1771,"WEMG","20359045.00"
1772,"AMD","20358174.00"
1773,"OD6","20355734.00"
1774,"SBW","20328575.00"
1775,"PFT","20301884.00"
1776,"GBZ","20273781.00"
1777,"VN8","20262403.00"
1778,"MMA","20250003.00"
1779,"INP","20241018.00"
1780,"ODM","20226297.00"
1781,"ARO","20167738.00"
1782,"MEM","20149928.00"
1783,"FRM","20140100.00"
1784,"KOB","20029167.00"
1785,"RXH","20000217.00"
1786,"FZR","19971536.00"
1787,"FL1","19964725.00"
1788,"TRE","19928805.00"
1789,"ICG","19885409.00"
1790,"BCC","19877042.00"
1791,"CMD","19869128.00"
1792,"B4P","19862686.00"
1793,"MKG","19809357.00"
1794,"GTI","19766298.00"
1795,"COY","19745612.00"
1796,"ASQ","19716226.00"
1797,"KPO","19697545.00"
1798,"AJQ","19685368.00"
1799,"BUR","19652593.00"
1800,"FSIGA","19555554.00"
1801,"PTR","19553349.00"
1802,"CCZ","19492580.00"
1803,"AKO","19471477.00"
1804,"RPM","19465281.00"
1805,"NUC","19413674.00"
1806,"FGL","19121240.00"
1807,"ASR","19072543.00"
1808,"KAM","19045730.00"
1809,"TNY","19029491.00"
1810,"VAL","19015174.00"
1811,"AII","18998642.00"
1812,"MAT","18952339.00"
1813,"ACR","18949648.00"
1814,"RWD","18944361.00"
1815,"MRZ","18927835.00"
1816,"GPR","18887396.00"
1817,"PBL","18879263.00"
1818,"ARD","18823700.00"
1819,"LCE","18782181.00"
1820,"G88","18775202.00"
1821,"OSX","18749706.00"
1822,"GCM","18743094.00"
1823,"NYR","18721044.00"
1824,"EVG","18719547.00"
1825,"NNL","18707201.00"
1826,"E33","18687193.00"
1827,"SHN","18679871.00"
1828,"FFG","18654838.00"
1829,"KRR","18642299.00"
1830,"KNO","18587928.00"
1831,"LM1","18585775.00"
1832,"MOB","18573474.00"
1833,"PAT","18494438.00"
1834,"RNT","18491552.00"
1835,"LSR","18433973.00"
1836,"AVE","18378693.00"
1837,"QFE","18363597.00"
1838,"WHK","18347461.00"
1839,"HOR","18326344.00"
1840,"MQR","18323620.00"
1841,"AHF","18321013.00"
1842,"MEG","18320800.00"
1843,"CUS","18214239.00"
1844,"AFL","18069126.00"
1845,"LIO","18023537.00"
1846,"NSM","18019050.00"
1847,"EDE","17981666.00"
1848,"SI6","17944735.00"
1849,"WRM","17870412.00"
1850,"TMB","17832176.00"
1851,"RIM","17792203.00"
1852,"VIG","17739027.00"
1853,"ASE","17723823.00"
1854,"ORM","17657271.00"
1855,"ADS","17634787.00"
1856,"AC8","17621884.00"
1857,"PPY","17578030.00"
1858,"CDD","17577298.00"
1859,"BMR","17543672.00"
1860,"AXP","17474042.00"
1861,"KNG","17440722.00"
1862,"TPO","17393077.00"
1863,"CUF","17390023.00"
1864,"BMH","17369371.00"
1865,"HFY","17364770.00"
1866,"HMG","17325000.00"
1867,"CTO","17241955.00"
1868,"MTM","17229723.00"
1869,"NSB","17216597.00"
1870,"NWM","17213340.00"
1871,"KFM","17188800.00"
1872,"GSN","17188168.00"
1873,"SLS","17048758.00"
1874,"NACGA","16975000.00"
1875,"SNG","16940684.00"
1876,"FTC","16920009.00"
1877,"CLB","16903434.00"
1878,"S66","16885373.00"
1879,"CI1","16699832.00"
1880,"BAT","16697963.00"
1881,"ABV","16696546.00"
1882,"SHO","16675031.00"
1883,"CAZ","16590126.00"
1884,"G50","16585111.00"
1885,"CNJ","16554648.00"
1886,"LBT","16531719.00"
1887,"FPP","16527631.00"
1888,"SGI","16450500.00"
1889,"JCS","16417172.00"
1890,"TYM","16382929.00"
1891,"PEC","16364519.00"
1892,"RBX","16295363.00"
1893,"CBL","16286225.00"
1894,"VMIN","16274479.00"
1895,"HLX","16262021.00"
1896,"RFA","16156544.00"
1897,"LNU","16150612.00"
1898,"PNX","16141874.00"
1899,"HGV","16096779.00"
1900,"HPR","16089643.00"
1901,"VPR","16074312.00"
1902,"MTL","16036815.00"
1903,"SCU","15944536.00"
1904,"ACU","15926746.00"
1905,"GTE","15919981.00"
1906,"TDO","15911302.00"
1907,"PSL","15891773.00"
1908,"OZM","15875000.00"
1909,"N1H","15850003.00"
1910,"LSA","15828153.00"
1911,"SPA","15798993.00"
1912,"OAR","15678814.00"
1913,"COV","15646625.00"
1914,"FTL","15635083.00"
1915,"CPM","15616100.00"
1916,"LLO","15604559.00"
1917,"1ST","15586903.00"
1918,"ADD","15586290.00"
1919,"ADEF","15572273.00"
1920,"XGL","15565641.00"
1921,"BMM","15481614.00"
1922,"TSL","15470376.00"
1923,"ALM","15456011.00"
1924,"GML","15447345.00"
1925,"TRP","15437517.00"
1926,"OLI","15425617.00"
1927,"JBY","15411375.00"
1928,"DRIV","15389879.00"
1929,"C7A","15383454.00"
1930,"SUH","15353164.00"
1931,"NOR","15337713.00"
1932,"WSR","15319934.00"
1933,"BOD","15312149.00"
1934,"TFL","15298343.00"
1935,"OCN","15278835.00"
1936,"GPEQ","15256919.00"
1937,"2BE","15254032.00"
1938,"OLH","15181452.00"
1939,"SRJ","15118071.00"
1940,"WCN","15084223.00"
1941,"MDC","15071113.00"
1942,"KNM","15047853.00"
1943,"FNX","15028985.00"
1944,"APL","15010475.00"
1945,"RB6","15001250.00"
1946,"AU1","15000181.00"
1947,"LGM","14978190.00"
1948,"EVR","14975745.00"
1949,"IMI","14913272.00"
1950,"KTA","14898440.00"
1951,"MOZG","14883604.00"
1952,"OPN","14867679.00"
1953,"SBR","14865796.00"
1954,"SLB","14860127.00"
1955,"AQD","14852686.00"
1956,"BPP","14746628.00"
1957,"1CG","14737702.00"
1958,"A1G","14730075.00"
1959,"EPX","14715152.00"
1960,"AKN","14695467.00"
1961,"YRL","14675686.00"
1962,"IBG","14667843.00"
1963,"OM1","14582694.00"
1964,"AUH","14545185.00"
1965,"HGL","14543184.00"
1966,"AJJ","14536065.00"
1967,"REZ","14494368.00"
1968,"RIE","14415849.00"
1969,"LRL","14392310.00"
1970,"LML","14374592.00"
1971,"WML","14342418.00"
1972,"ODE","14206677.00"
1973,"CGO","14204919.00"
1974,"14D","14138982.00"
1975,"PYR","14094163.00"
1976,"SRZ","14083499.00"
1977,"MXR","14038454.00"
1978,"MPG","14031980.00"
1979,"RAS","13974681.00"
1980,"CR9","13952726.00"
1981,"ZGL","13946401.00"
1982,"BUY","13705010.00"
1983,"MKL","13701223.00"
1984,"SHE","13688702.00"
1985,"GLA","13588327.00"
1986,"PGTX","13574826.00"
1987,"MR1","13425464.00"
1988,"TAR","13414509.00"
1989,"MVL","13396793.00"
1990,"RMX","13367880.00"
1991,"VKA","13328360.00"
1992,"DCX","13210272.00"
1993,"ETPMPM","13197185.00"
1994,"W2V","13185328.00"
1995,"AJX","13165143.00"
1996,"JNO","13158826.00"
1997,"GLPR","13135000.00"
1998,"YANK","13117181.00"
1999,"X2M","13101261.00"
2000,"AHQ","13063647.00"
2001,"BEX","13045804.00"
2002,"MMC","12999934.00"
2003,"BTC","12964932.00"
2004,"BCA","12928952.00"
2005,"AJQDA","12795489.00"
2006,"POU","12759401.00"
2007,"ARE","12723743.00"
2008,"TMR","12716250.00"
2009,"GED","12707494.00"
2010,"ERW","12705840.00"
2011,"AM7","12696764.00"
2012,"GIB","12690567.00"
2013,"VTI","12686888.00"
2014,"T92","12643264.00"
2015,"AAJ","12556920.00"
2016,"DEL","12511813.00"
2017,"SCL","12483655.00"
2018,"AHK","12459637.00"
2019,"EQE","12456896.00"
2020,"BATDA","12455055.00"
2021,"ZNO","12445548.00"
2022,"Z2U","12402299.00"
2023,"CXU","12370393.00"
2024,"CAG","12338079.00"
2025,"HIL","12300898.00"
2026,"MXO","12287429.00"
2027,"HJZP","12252449.00"
2028,"FXG","12243704.00"
2029,"USHY","12225381.00"
2030,"SIX","12209008.00"
2031,"CZN","12206611.00"
2032,"DAOR","12202600.00"
2033,"MEB","12201488.00"
2034,"HAR","12195365.00"
2035,"H2G","12143919.00"
2036,"MBK","12106183.00"
2037,"1AD","12100425.00"
2038,"TRU","12082618.00"
2039,"LYN","12064813.00"
2040,"CLZ","12046242.00"
2041,"WWG","12045159.00"
2042,"HPC","11994350.00"
2043,"A8G","11987714.00"
2044,"S3GO","11970588.00"
2045,"DAF","11945970.00"
2046,"ABE","11916579.00"
2047,"ACM","11892500.00"
2048,"NVU","11874460.00"
2049,"SNX","11863942.00"
2050,"ACS","11828182.00"
2051,"SW1","11796405.00"
2052,"WNR","11761348.00"
2053,"FRB","11692000.00"
2054,"DTM","11671542.00"
2055,"TEM","11649566.00"
2056,"GLH","11600676.00"
2057,"INL","11590753.00"
2058,"HYT","11558368.00"
2059,"NAE","11487191.00"
2060,"CAQ","11484580.00"
2061,"HVM","11476595.00"
2062,"LMLND","11444694.00"
2063,"BLZ","11437706.00"
2064,"KBC","11403581.00"
2065,"SP8","11381238.00"
2066,"FHS","11379204.00"
2067,"RAG","11375543.00"
2068,"GUL","11354840.00"
2069,"IEC","11345471.00"
2070,"SHG","11344663.00"
2071,"T88","11335400.00"
2072,"KP2","11310731.00"
2073,"OLL","11250501.00"
2074,"YTMIP1","11228050.00"
2075,"DYM","11200000.00"
2076,"VNGS","11179208.00"
2077,"FIN","11133637.00"
2078,"ECPGA","11127215.00"
2079,"WBE","11009491.00"
2080,"AN1","10968595.00"
2081,"RCL","10965356.00"
2082,"PLN","10943625.00"
2083,"OPA","10932935.00"
2084,"DMC","10887838.00"
2085,"JAV","10872153.00"
2086,"NC6","10868705.00"
2087,"DM1","10866162.00"
2088,"RLG","10808372.00"
2089,"MRG","10808210.00"
2090,"PL3","10780770.00"
2091,"DTI","10765234.00"
2092,"FRS","10709077.00"
2093,"S3N","10702531.00"
2094,"LPE","10689377.00"
2095,"1TT","10678375.00"
2096,"HYD","10677192.00"
2097,"TTI","10607383.00"
2098,"ILA","10564901.00"
2099,"ICE","10564406.00"
2100,"MCT","10513618.00"
2101,"LHM","10493893.00"
2102,"PRS","10477332.00"
2103,"ILT","10446900.00"
2104,"ADY","10428633.00"
2105,"KWR","10423892.00"
2106,"SIT","10409961.00"
2107,"MHK","10389663.00"
2108,"WC1","10366049.00"
2109,"AEI","10317071.00"
2110,"KOR","10277400.00"
2111,"YTMORG","10221895.00"
2112,"GCX","10217828.00"
2113,"SAU","10211991.00"
2114,"MAUCA","10209431.00"
2115,"AX8","10195247.00"
2116,"OZZ","10178313.00"
2117,"AYT","10158747.00"
2118,"UCM","10130430.00"
2119,"YAR","10129514.00"
2120,"MTH","10106413.00"
2121,"TRT","10088339.00"
2122,"GRL","10061403.00"
2123,"TRM","10055289.00"
2124,"NPM","9995579.00"
2125,"HCD","9980029.00"
2126,"TGH","9965190.00"
2127,"ENX","9960732.00"
2128,"FOS","9954136.00"
2129,"SIV","9944096.00"
2130,"DLM","9940824.00"
2131,"M4M","9935389.00"
2132,"FG1","9875860.00"
2133,"DOU","9838984.00"
2134,"OLY","9802653.00"
2135,"TZL","9799157.00"
2136,"TMX","9748794.00"
2137,"ATU","9741894.00"
2138,"KLO","9720000.00"
2139,"GFLGA","9677418.00"
2140,"AHN","9634208.00"
2141,"NGL","9619189.00"
2142,"EPN","9611328.00"
2143,"TKL","9584622.00"
2144,"TEE","9575563.00"
2145,"HCRD","9517995.00"
2146,"IRX","9488348.00"
2147,"NMR","9472174.00"
2148,"DVL","9463248.00"
2149,"ATOM","9457000.00"
2150,"WYX","9434926.00"
2151,"ZAG","9414911.00"
2152,"VTX","9361250.00"
2153,"AER","9305902.00"
2154,"AUN","9295427.00"
2155,"SSH","9225979.00"
2156,"KSM","9222590.00"
2157,"CHW","9175000.00"
2158,"CPT","9149390.00"
2159,"M24","9147501.00"
2160,"C29","9100720.00"
2161,"YTMQF4","9075712.00"
2162,"CHK","9066221.00"
2163,"LRD","9058030.00"
2164,"1AG","9055183.00"
2165,"SRY","9033717.00"
2166,"BDG","9030152.00"
2167,"BSN","9004501.00"
2168,"GSM","8981149.00"
2169,"YOW","8961284.00"
2170,"AUK","8923557.00"
2171,"YTMDO2","8906847.00"
2172,"THR","8868677.00"
2173,"MOM","8865525.00"
2174,"PVW","8861724.00"
2175,"NTL","8830591.00"
2176,"CT1","8827202.00"
2177,"NTM","8807688.00"
2178,"RML","8801043.00"
2179,"BAOR","8755600.00"
2180,"KCC","8705999.00"
2181,"EXT","8694313.00"
2182,"CZL","8682441.00"
2183,"CTN","8669408.00"
2184,"HRE","8625750.00"
2185,"NVO","8625000.00"
2186,"DXN","8606574.00"
2187,"HPP","8597452.00"
2188,"BEE","8568717.00"
2189,"EQN","8550000.00"
2190,"RKT","8542282.00"
2191,"BTE","8530667.00"
2192,"EMT","8500000.00"
2193,"LBY","8498496.00"
2194,"ID8","8496149.00"
2195,"SKN","8390428.00"
2196,"DES","8389710.00"
2197,"CMG","8332355.00"
2198,"TD1","8325467.00"
2199,"ACP","8305634.00"
2200,"CR1","8234395.00"
2201,"YTMMQ1","8219736.00"
2202,"GDM","8175000.00"
2203,"GGX","8154204.00"
2204,"AWJ","8113295.00"
2205,"AUR","8102641.00"
2206,"DUN","8065523.00"
2207,"AL8","8017030.00"
2208,"R3D","8010837.00"
2209,"OPNR","7976284.00"
2210,"GEDDA","7971064.00"
2211,"MRQ","7943675.00"
2212,"DY6","7905311.00"
2213,"EXL","7899141.00"
2214,"RCW","7895754.00"
2215,"BMG","7882503.00"
2216,"PVL","7848306.00"
2217,"RDS","7842406.00"
2218,"KGD","7837450.00"
2219,"CTQ","7809199.00"
2220,"EEU","7802250.00"
2221,"ERL","7790544.00"
2222,"OXT","7774815.00"
2223,"SER","7773042.00"
2224,"OSM","7737846.00"
2225,"IPC","7701780.00"
2226,"PR1","7695003.00"
2227,"AUA","7687449.00"
2228,"CXX","7686033.00"
2229,"ICN","7680137.00"
2230,"ARC","7669470.00"
2231,"FAU","7663483.00"
2232,"SCT","7608881.00"
2233,"M3M","7585264.00"
2234,"WEC","7505319.00"
2235,"FDR","7500000.00"
2236,"ADG","7473512.00"
2237,"HIQ","7469820.00"
2238,"L1M","7451458.00"
2239,"TMG","7451231.00"
2240,"M2R","7443477.00"
2241,"AMT","7416603.00"
2242,"C7ADB","7384058.00"
2243,"AYM","7370310.00"
2244,"MRI","7329857.00"
2245,"OOK","7280400.00"
2246,"DLT","7240853.00"
2247,"SIS","7235409.00"
2248,"BVR","7220766.00"
2249,"HLF","7213855.00"
2250,"YTMALD","7201628.00"
2251,"HVY","7196993.00"
2252,"LKY","7186667.00"
2253,"BOA","7185487.00"
2254,"HXG","7180823.00"
2255,"IGN","7166574.00"
2256,"WEL","7142953.00"
2257,"ETPMPT","7137225.00"
2258,"NKL","7087693.00"
2259,"PO3","7078170.00"
2260,"JREG","7076400.00"
2261,"AQS","7054537.00"
2262,"ENT","7050807.00"
2263,"BYH","7031337.00"
2264,"AYLD","7029426.00"
2265,"SP3","7027471.00"
2266,"VAR","6998660.00"
2267,"CDR","6972680.00"
2268,"N100","6944000.00"
2269,"VMG","6927661.00"
2270,"PVS","6915414.00"
2271,"AIV","6912082.00"
2272,"A3D","6882626.00"
2273,"MPR","6874066.00"
2274,"LYK","6864000.00"
2275,"GTH","6848866.00"
2276,"GNM","6836204.00"
2277,"SLZ","6816742.00"
2278,"ERG","6808959.00"
2279,"IPB","6781469.00"
2280,"MSG","6759810.00"
2281,"SGC","6747976.00"
2282,"EAX","6747150.00"
2283,"CL8","6744223.00"
2284,"MTR","6639847.00"
2285,"VOL","6629617.00"
2286,"DOR","6619586.00"
2287,"AGC","6600000.00"
2288,"CMX","6585946.00"
2289,"GCR","6583537.00"
2290,"AD1","6580551.00"
2291,"PFE","6567761.00"
2292,"YTMGP1","6561279.00"
2293,"CUL","6555782.00"
2294,"BUS","6548370.00"
2295,"ADC","6544650.00"
2296,"HMI","6538317.00"
2297,"GLV","6538005.00"
2298,"MGG","6526882.00"
2299,"ZMI","6511373.00"
2300,"MHI","6504388.00"
2301,"E79","6504031.00"
2302,"BPM","6465277.00"
2303,"AVW","6401370.00"
2304,"IS3","6359768.00"
2305,"CLT","6333460.00"
2306,"APG","6331326.00"
2307,"PLG","6256650.00"
2308,"BMO","6239672.00"
2309,"XCO2","6227280.00"
2310,"YTMDX3","6213870.00"
2311,"SE1","6209947.00"
2312,"EMP","6183837.00"
2313,"NCR","6148899.00"
2314,"AAP","6101990.00"
2315,"GO2","6082861.00"
2316,"CRS","6071360.00"
2317,"NRX","6052828.00"
2318,"NIS","6050542.00"
2319,"NYM","6028375.00"
2320,"NME","5993053.00"
2321,"HT8","5965910.00"
2322,"SRI","5932112.00"
2323,"HTM","5918757.00"
2324,"MDI","5876075.00"
2325,"SRR","5870095.00"
2326,"WFL","5867223.00"
2327,"UUL","5864602.00"
2328,"CRM","5829083.00"
2329,"AVM","5820441.00"
2330,"AOA","5815736.00"
2331,"RON","5813676.00"
2332,"CBY","5760941.00"
2333,"SYT","5735795.00"
2334,"T3K","5728538.00"
2335,"CIO","5722550.00"
2336,"TAS","5701354.00"
2337,"TML","5685045.00"
2338,"KNB","5681733.00"
2339,"BHD","5676482.00"
2340,"GC1PA","5671500.00"
2341,"RAN","5635742.00"
2342,"SRH","5619267.00"
2343,"BIM","5605500.00"
2344,"DEX","5587240.00"
2345,"TG1","5530757.00"
2346,"CRB","5517378.00"
2347,"SUM","5480570.00"
2348,"GES","5479889.00"
2349,"LVE","5472113.00"
2350,"NFL","5458499.00"
2351,"DDT","5449288.00"
2352,"GMTL","5445000.00"
2353,"CGB","5436345.00"
2354,"MGA","5400075.00"
2355,"OCT","5388564.00"
2356,"GPS","5348806.00"
2357,"QMAX","5300980.00"
2358,"HCT","5297201.00"
2359,"YTMDX2","5295690.00"
2360,"ALB","5286600.00"
2361,"NGS","5275775.00"
2362,"EVE","5274483.00"
2363,"KAL","5265553.00"
2364,"UVA","5231716.00"
2365,"PUA","5206883.00"
2366,"POW","5204904.00"
2367,"PNT","5197750.00"
2368,"DMG","5130732.00"
2369,"IPAY","5106400.00"
2370,"RLC","5100476.00"
2371,"CVR","5092627.00"
2372,"ENV","5082081.00"
2373,"RCR","5011698.00"
2374,"MOH","4983893.00"
2375,"NZS","4962030.00"
2376,"SFM","4951678.00"
2377,"REM","4922312.00"
2378,"CPO","4907332.00"
2379,"TMZ","4881018.00"
2380,"ROC","4880775.00"
2381,"R8R","4874688.00"
2382,"RBR","4855214.00"
2383,"CBH","4855200.00"
2384,"PRM","4849218.00"
2385,"TG6","4836185.00"
2386,"OVN","4834531.00"
2387,"EX1","4833654.00"
2388,"XST","4822772.00"
2389,"GLVDB","4800330.00"
2390,"PHL","4775995.00"
2391,"BME","4763829.00"
2392,"EMS","4724328.00"
2393,"PKO","4707315.00"
2394,"ANR","4677035.00"
2395,"ZMM","4671996.00"
2396,"OPL","4627698.00"
2397,"ALT","4613801.00"
2398,"TANN","4606000.00"
2399,"WOO","4599097.00"
2400,"RGS","4596554.00"
2401,"ICR","4596139.00"
2402,"NNG","4569236.00"
2403,"MFOA","4495742.00"
2404,"CCO","4494156.00"
2405,"IEQ","4487825.00"
2406,"M8S","4418176.00"
2407,"MTB","4415856.00"
2408,"EMU","4350064.00"
2409,"DBO","4350000.00"
2410,"NES","4295160.00"
2411,"RC1","4286762.00"
2412,"GNMDB","4272627.00"
2413,"WGR","4253121.00"
2414,"AUE","4240227.00"
2415,"YTMDX1","4203900.00"
2416,"ROYL","4189116.00"
2417,"FATP","4184400.00"
2418,"KLI","4170254.00"
2419,"FFF","4122397.00"
2420,"BEL","4110908.00"
2421,"YTMTL2","4106400.00"
2422,"HXL","4008951.00"
2423,"BP8","4004189.00"
2424,"ETPMPD","4000384.00"
2425,"GAME","3968129.00"
2426,"DAL","3952000.00"
2427,"KEY","3935856.00"
2428,"USIG","3928000.00"
2429,"AO1","3894260.00"
2430,"IVT","3891319.00"
2431,"SQX","3875000.00"
2432,"YTMVC1","3870215.00"
2433,"IGRO","3867214.00"
2434,"XSTDA","3858218.00"
2435,"KDY","3834712.00"
2436,"AQX","3795431.00"
2437,"YTMAS2","3791088.00"
2438,"GIVE","3765605.00"
2439,"CMO","3698950.00"
2440,"WBEDC","3669830.00"
2441,"PYRDA","3664730.00"
2442,"DC2","3660050.00"
2443,"AFW","3549136.00"
2444,"PKD","3461823.00"
2445,"PIM","3452625.00"
2446,"AMM","3428403.00"
2447,"JTL","3375342.00"
2448,"MMR","3236653.00"
2449,"ITEK","3224400.00"
2450,"T3D","3189317.00"
2451,"CSF","3134472.00"
2452,"GFN","3132606.00"
2453,"CYQ","3127650.00"
2454,"M2M","3113800.00"
2455,"APS","3078168.00"
2456,"QYLD","3028184.00"
2457,"YPB","2973846.00"
2458,"IDEA","2903966.00"
2459,"SAN","2865242.00"
2460,"MTAV","2860000.00"
2461,"DMM","2755400.00"
2462,"OMX","2731705.00"
2463,"AJY","2720000.00"
2464,"OKJ","2651935.00"
2465,"TTA","2611045.00"
2466,"IBAL","2593156.00"
2467,"FIJ","2551355.00"
2468,"TSN","2533732.00"
2469,"OZXX","2492500.00"
2470,"VIP","2360344.00"
2471,"IEAT","2270000.00"
2472,"OAK","2235438.00"
2473,"EQS","2233814.00"
2474,"SMS","2230493.00"
2475,"RPG","2095050.00"
2476,"AQXDB","2024230.00"
2477,"1GOV","1998000.00"
2478,"XGOV","1994800.00"
2479,"5GOV","1987600.00"
2480,"3MF","1925667.00"
2481,"KLR","1916205.00"
2482,"EDOC","1854400.00"
2483,"JPEQ","1828750.00"
2484,"OXX","1812844.00"
2485,"OEQ","1721415.00"
2486,"PRMDG","1697226.00"
2487,"TTTR","1649031.00"
2488,"MCGG","1633773.00"
2489,"ATM","1551342.00"
2490,"GCO2","1531500.00"
2491,"JZRO","1508507.00"
2492,"MCX","1489650.00"
2493,"HHI","1488038.00"
2494,"JHPI","1477500.00"
2495,"CFO","1468681.00"
2496,"BGE","1459132.00"
2497,"IVO","1378799.00"
2498,"MSI","1363039.00"
2499,"JPHQ","1334500.00"
2500,"T3MP","1304500.00"
2501,"ASAO","1289284.00"
2502,"YTMMG2","1287399.00"
2503,"JPSI","1255750.00"
2504,"IBUY","1243150.00"
2505,"CTV","1236985.00"
2506,"UYLD","1232638.00"
2507,"YTMSG3","1230370.00"
2508,"ROO","1212424.00"
2509,"ROODA","1212423.00"
2510,"LAM","1102579.00"
2511,"YTMAP1","1036728.00"
2512,"FUTR","1036407.00"
2513,"IMLC","1020364.00"
2514,"UTIP","992000.00"
2515,"IUSG","991400.00"
2516,"US10","991000.00"
2517,"BUGG","990000.00"
2518,"MBX","824980.00"
2519,"LAW","766412.00"
2520,"AIB","687533.00"
2521,"QUE","649736.00"
2522,"YTMSCP","628299.00"
2523,"GOOD","497600.00"
2524,"YTMVCX","415125.00"
2525,"HILRB","354892.00"
2526,"NAGR","214278.00"
2527,"NXMR","195272.00"
2528,"CINPA","181722.00"
2529,"PKOR","151686.00"
2530,"BOAR","143961.00"
2531,"BYHR","93751.00"
2532,"G88R","81836.00"
2533,"EMUCA","80970.00"
2534,"SSLPA","75000.00"
2535,"WECR","44569.00"
2536,"PNTR","27313.00"
2537,"WHFPA","23790.00"
